Timestamp,Block Numbe,Hash,Parent Hash
04/27/2022 05:30:27,9179558,0xdade8984d3b63cfc12f7378a4947939ca8a6551103e78d32feec928038ec285d,0xf9af4d0ce8ca9697f8b7d37c6736a72a761d1fe139ef6aeccf6eb250a04c2328\
04/27/2022 05:30:28,9181907,0x7e06d711cbeb2817347fc1e90274c5a3166d5d0732ae1d1fa06d7592b8150478,0xdade8984d3b63cfc12f7378a4947939ca8a6551103e78d32feec928038ec285d
04/27/2022 05:30:50,9178265,0xa59096b569feef97e24d41ae58c74e6eb7ee8a98a5f9f03cd7b7596f392f8565,0x7e06d711cbeb2817347fc1e90274c5a3166d5d0732ae1d1fa06d7592b8150478
04/27/2022 05:30:52,9178537,0x4b66ef5c44cc04266479ee1b1f8666815d049dac736db61fefdbc8ddb249e285,0xa59096b569feef97e24d41ae58c74e6eb7ee8a98a5f9f03cd7b7596f392f8565
04/27/2022 05:31:10,9178349,0x2aa67b3460f88d06a19ac74bd98f0b9b5d944d68a072d7209f83e42cdbabcec8,0x4b66ef5c44cc04266479ee1b1f8666815d049dac736db61fefdbc8ddb249e285
04/27/2022 05:31:38,9182433,0x1e72c908648b6b38d0876e1170f69147ded1ae230cbdfa823e215080fbc2e9e1,0x2aa67b3460f88d06a19ac74bd98f0b9b5d944d68a072d7209f83e42cdbabcec8
04/27/2022 05:31:54,9183020,0xa9de223add50e80ad593e86c59cb326f96d335982e9b9a1686e1464e75137ce3,0x1e72c908648b6b38d0876e1170f69147ded1ae230cbdfa823e215080fbc2e9e1
04/27/2022 05:31:55,9181966,0x3b187ef86bb4206416fef7e9ac9ade2ea5b178069a1009f9377bacbb03507226,0xa9de223add50e80ad593e86c59cb326f96d335982e9b9a1686e1464e75137ce3
04/27/2022 05:32:05,9181311,0xe7f53e315804cd60631d6633c162867208f89fdb29a8ff7f44454508f33c6083,0x3b187ef86bb4206416fef7e9ac9ade2ea5b178069a1009f9377bacbb03507226
04/27/2022 05:32:07,9179141,0x411db1a900f3079b5eb3dff2f65261158d5bab511a3ff793c15b2605c6c4dd61,0xe7f53e315804cd60631d6633c162867208f89fdb29a8ff7f44454508f33c6083
04/27/2022 05:32:08,9183172,0x539ad24d0bb02bf946dbc6cd88d0c34135ffa959150d4bafc39af1e5f6fc7420,0x411db1a900f3079b5eb3dff2f65261158d5bab511a3ff793c15b2605c6c4dd61
04/27/2022 05:32:37,9182597,0x2700192415e1f7ec29800f9687e17756d0349f974407e214c6935b5457237909,0x539ad24d0bb02bf946dbc6cd88d0c34135ffa959150d4bafc39af1e5f6fc7420
04/27/2022 05:33:01,9179380,0xf0a6e9795f2e334402b1667cda93af0cdfd9bdd163bb1f5e912e0e0bad137598,0x2700192415e1f7ec29800f9687e17756d0349f974407e214c6935b5457237909
"04/27/2022 05:33:14
",9180957,0x52f64101f79d430e1046fe0d600fea737a0c99fb88b33fd26319b74fbb24ec83,0xf0a6e9795f2e334402b1667cda93af0cdfd9bdd163bb1f5e912e0e0bad137598
04/27/2022 05:33:18,9179472,0x9cd03240c90aba827fa5c0412a2251ad50bdaaffa0539fea98473c7e50c40659,0x52f64101f79d430e1046fe0d600fea737a0c99fb88b33fd26319b74fbb24ec83
04/27/2022 05:33:19,9180652,0x1c21bd108c1b0b43db21a8f4be092cd593307a08a625339d9976d844b551c0ae,0x9cd03240c90aba827fa5c0412a2251ad50bdaaffa0539fea98473c7e50c40659
04/27/2022 05:33:30,9180482,0x3d204bb11b39fe0e58086843688acc326beeb559244f31046b81c1ff5317265f,0x1c21bd108c1b0b43db21a8f4be092cd593307a08a625339d9976d844b551c0ae
04/27/2022 05:33:32,9182682,0xf8336b284567efdeeb5a1b425486139d74014cb1c6a58038ca0ab58d5dea915c,0x3d204bb11b39fe0e58086843688acc326beeb559244f31046b81c1ff5317265f
04/27/2022 05:33:42,9180254,0x5baf9d79e65b75acbecff7fe3b5a4a5703b777785fed9bc58f207e4c6bfbd35a,0xf8336b284567efdeeb5a1b425486139d74014cb1c6a58038ca0ab58d5dea915c
04/27/2022 05:33:50,9179045,0xe4a3cbd5aa226c95bc8ec5297b0475294612077d369088721e4fe5137c47d99a,0x5baf9d79e65b75acbecff7fe3b5a4a5703b777785fed9bc58f207e4c6bfbd35a
04/27/2022 05:34:23,9179094,0x6e45195cab4618eed52a71596b0a95631ef1cf74b9e7a07807d0a4609212be9a,0xe4a3cbd5aa226c95bc8ec5297b0475294612077d369088721e4fe5137c47d99a
04/27/2022 05:34:30,9182008,0xbce9028b85d0e0c38e1926895dc4374b4bbc7703f196b05591b0c08e19e16cf3,0x6e45195cab4618eed52a71596b0a95631ef1cf74b9e7a07807d0a4609212be9a
04/27/2022 05:34:33,9178465,0x9491d812a2369e0c89ed05bf7fef140d1f502ce81113b0021ebaf3ff135c7f2a,0xbce9028b85d0e0c38e1926895dc4374b4bbc7703f196b05591b0c08e19e16cf3
04/27/2022 05:34:39,9181542,0x2c136fd92b5cbcbaac82107d4b160a9eedbea183de6a7661dd1e761c3d42807e,0x9491d812a2369e0c89ed05bf7fef140d1f502ce81113b0021ebaf3ff135c7f2a
04/27/2022 05:34:40,9180995,0x4183ce80cee6192f004a5e9c13656053abfdee5e9b83b8fc4e59c615489154bc,0x2c136fd92b5cbcbaac82107d4b160a9eedbea183de6a7661dd1e761c3d42807e
04/27/2022 05:35:17,9179946,0x9b009dbbb434debed862ac2773171215a8a5f2049dbb79a28032044b454a5fcb,0x4183ce80cee6192f004a5e9c13656053abfdee5e9b83b8fc4e59c615489154bc
04/27/2022 05:35:26,9182237,0x55bc623ba7f27b548e532ef94110acd8fe78ce63de3f455d1da969848fb682a0,0x9b009dbbb434debed862ac2773171215a8a5f2049dbb79a28032044b454a5fcb
04/27/2022 05:35:31,9182194,0xe02dc1cda7f02a6d331b3a764203a49937a7b8a370b76d533837d8c029b3914c,0x55bc623ba7f27b548e532ef94110acd8fe78ce63de3f455d1da969848fb682a0
04/27/2022 05:35:49,9182916,0x5b7f510e0d6889c9c937f84f112e94545eeead7ac4ca1e0c549daa483f61fd76,0xe02dc1cda7f02a6d331b3a764203a49937a7b8a370b76d533837d8c029b3914c
04/27/2022 05:35:50,9181732,0x051db6c95b2238d80bf24693ff19bffc9dfe24a4bc35e80edda4712d1be37dae,0x5b7f510e0d6889c9c937f84f112e94545eeead7ac4ca1e0c549daa483f61fd76
04/27/2022 05:36:15,9181664,0x8aa0b9386d8672504d4511f0f8ec5b8206ffcee5216cb67af5ed492b54f911b6,0x051db6c95b2238d80bf24693ff19bffc9dfe24a4bc35e80edda4712d1be37dae
04/27/2022 05:36:20,9182994,0x1f7b0649ee0762ef0d7ab7345f17c88b36e03a6bdb9c5820a391c6557058ec1e,0x8aa0b9386d8672504d4511f0f8ec5b8206ffcee5216cb67af5ed492b54f911b6
04/27/2022 05:36:34,9180717,0x981e90d47f7634668913a89bd399e446327736083131538e07ee3dbe8b4efbeb,0x1f7b0649ee0762ef0d7ab7345f17c88b36e03a6bdb9c5820a391c6557058ec1e
04/27/2022 05:36:55,9178242,0x9d4452fc5db7eef65f9d7c86fc432c1e3082e174d402698176f4dd70e12b5011,0x981e90d47f7634668913a89bd399e446327736083131538e07ee3dbe8b4efbeb
04/27/2022 05:37:07,9182414,0x65949a2ed06acc83f686e28c4234b9ad9cf70c5bd9d6113312b829e1d7b21ea2,0x9d4452fc5db7eef65f9d7c86fc432c1e3082e174d402698176f4dd70e12b5011
04/27/2022 05:37:24,9181375,0x93bb8084846399260fc640a18eabb85b29fe32658f1c8fe22882ebf4fe523e75,0x65949a2ed06acc83f686e28c4234b9ad9cf70c5bd9d6113312b829e1d7b21ea2
04/27/2022 05:37:26,9179248,0x8b88998e5e41d32f2c71f98c3be9856147f7b13437828455d9dd3db24cda4193,0x93bb8084846399260fc640a18eabb85b29fe32658f1c8fe22882ebf4fe523e75
04/27/2022 05:37:36,9181553,0xddec4be08d314c4d1b4bc101b43aa36320c0769f6fe77a1b6179720b4cc38dbe,0x8b88998e5e41d32f2c71f98c3be9856147f7b13437828455d9dd3db24cda4193
04/27/2022 05:37:42,9181582,0xbb203ae4a0afec31530430cb65d937d17c3267b3d089cb0ce1c71f7bf5e5901f,0xddec4be08d314c4d1b4bc101b43aa36320c0769f6fe77a1b6179720b4cc38dbe
04/27/2022 05:37:52,9180147,0x5b8cf39b6ceb0d00869150f47b7056a8b5e5b2eb0a6df8a5149783361a1548a7,0xbb203ae4a0afec31530430cb65d937d17c3267b3d089cb0ce1c71f7bf5e5901f
04/27/2022 05:38:04,9180574,0x1be77083959269296ebd56a4bf69e54449268a3c1475e9291071501cf1ee0c1f,0x5b8cf39b6ceb0d00869150f47b7056a8b5e5b2eb0a6df8a5149783361a1548a7
04/27/2022 05:38:06,9178898,0xee5c6e626b76f8e8c68cf431ade82e29f9d9e557faa54caa1d5c5fa11616666e,0x1be77083959269296ebd56a4bf69e54449268a3c1475e9291071501cf1ee0c1f
04/27/2022 05:38:10,9179747,0xfef335c7e5270f15c1a73cb02f687ea4bd074d1a87ef92c2df2a1e76ee353de6,0xee5c6e626b76f8e8c68cf431ade82e29f9d9e557faa54caa1d5c5fa11616666e
04/27/2022 05:38:15,9180684,0x1cfe0eafed983b08a655236b0a53f8b545432cb4d2e9e16ca635410efc57fa87,0xfef335c7e5270f15c1a73cb02f687ea4bd074d1a87ef92c2df2a1e76ee353de6
04/27/2022 05:38:17,9183176,0x27c27ab521ffeb3136e565824c508ffbac266c5b8630c44836f2d13703ad18bd,0x1cfe0eafed983b08a655236b0a53f8b545432cb4d2e9e16ca635410efc57fa87
04/27/2022 05:38:19,9178339,0x41784d17e0c2ff24a11b12112012da5963a98c182189c786ab643fede392f483,0x27c27ab521ffeb3136e565824c508ffbac266c5b8630c44836f2d13703ad18bd
04/27/2022 05:38:26,9181569,0xcadac36c36a5b7af147d134197dea275ab8bd5f7a922a3f0effd8cb5f73078e6,0x41784d17e0c2ff24a11b12112012da5963a98c182189c786ab643fede392f483
04/27/2022 05:38:39,9180963,0xb12b3f8dfb7ecd9b198016dd0ad5ab3720de4626750f487adefb9195919ca1c5,0xcadac36c36a5b7af147d134197dea275ab8bd5f7a922a3f0effd8cb5f73078e6
04/27/2022 05:38:48,9182354,0x9a9fcc4cda72867acf3939267e2c8a15d91df60c905906657bbfde3a633c9454,0xb12b3f8dfb7ecd9b198016dd0ad5ab3720de4626750f487adefb9195919ca1c5
04/27/2022 05:38:29,9179075,0xe24e54d669110e52d74ab79e71cc806fbd22fdc80da142d4299bab7be94ee0a8,0xcadac36c36a5b7af147d134197dea275ab8bd5f7a922a3f0effd8cb5f73078e6
04/27/2022 05:39:35,9179075,0xe24e54d669110e52d74ab79e71cc806fbd22fdc80da142d4299bab7be94ee0a8,0xe24e54d669110e52d74ab79e71cc806fbd22fdc80da142d4299bab7be94ee0a8
04/27/2022 05:39:43,9179075,0xe24e54d669110e52d74ab79e71cc806fbd22fdc80da142d4299bab7be94ee0a8,0xe24e54d669110e52d74ab79e71cc806fbd22fdc80da142d4299bab7be94ee0a8
04/27/2022 05:40:47,9179075,0xe24e54d669110e52d74ab79e71cc806fbd22fdc80da142d4299bab7be94ee0a8,0xe24e54d669110e52d74ab79e71cc806fbd22fdc80da142d4299bab7be94ee0a8
04/27/2022 05:40:50,9179075,0xe24e54d669110e52d74ab79e71cc806fbd22fdc80da142d4299bab7be94ee0a8,0xe24e54d669110e52d74ab79e71cc806fbd22fdc80da142d4299bab7be94ee0a8
04/27/2022 05:50:01,9179075,0xe24e54d669110e52d74ab79e71cc806fbd22fdc80da142d4299bab7be94ee0a8,0xe24e54d669110e52d74ab79e71cc806fbd22fdc80da142d4299bab7be94ee0a8
04/27/2022 05:50:09,9179075,0xe24e54d669110e52d74ab79e71cc806fbd22fdc80da142d4299bab7be94ee0a8,0xe24e54d669110e52d74ab79e71cc806fbd22fdc80da142d4299bab7be94ee0a8
04/27/2022 05:50:15,9179075,0xe24e54d669110e52d74ab79e71cc806fbd22fdc80da142d4299bab7be94ee0a8,0xe24e54d669110e52d74ab79e71cc806fbd22fdc80da142d4299bab7be94ee0a8
04/27/2022 05:50:27,9179558,0xdade8984d3b63cfc12f7378a4947939ca8a6551103e78d32feec928038ec285d,0xf9af4d0ce8ca9697f8b7d37c6736a72a761d1fe139ef6aeccf6eb250a04c2328\
04/27/2022 05:30:28,9181907,0x7e06d711cbeb2817347fc1e90274c5a3166d5d0732ae1d1fa06d7592b8150478,0xdade8984d3b63cfc12f7378a4947939ca8a6551103e78d32feec928038ec285d
04/27/2022 05:50:50,9178265,0xa59096b569feef97e24d41ae58c74e6eb7ee8a98a5f9f03cd7b7596f392f8565,0x7e06d711cbeb2817347fc1e90274c5a3166d5d0732ae1d1fa06d7592b8150478
04/27/2022 05:50:52,9178537,0x4b66ef5c44cc04266479ee1b1f8666815d049dac736db61fefdbc8ddb249e285,0xa59096b569feef97e24d41ae58c74e6eb7ee8a98a5f9f03cd7b7596f392f8565
04/27/2022 05:51:10,9178349,0x2aa67b3460f88d06a19ac74bd98f0b9b5d944d68a072d7209f83e42cdbabcec8,0x4b66ef5c44cc04266479ee1b1f8666815d049dac736db61fefdbc8ddb249e285
04/27/2022 05:51:38,9182433,0x1e72c908648b6b38d0876e1170f69147ded1ae230cbdfa823e215080fbc2e9e1,0x2aa67b3460f88d06a19ac74bd98f0b9b5d944d68a072d7209f83e42cdbabcec8
04/27/2022 05:51:54,9183020,0xa9de223add50e80ad593e86c59cb326f96d335982e9b9a1686e1464e75137ce3,0x1e72c908648b6b38d0876e1170f69147ded1ae230cbdfa823e215080fbc2e9e1
04/27/2022 05:51:55,9181966,0x3b187ef86bb4206416fef7e9ac9ade2ea5b178069a1009f9377bacbb03507226,0xa9de223add50e80ad593e86c59cb326f96d335982e9b9a1686e1464e75137ce3
04/27/2022 05:52:05,9181311,0xe7f53e315804cd60631d6633c162867208f89fdb29a8ff7f44454508f33c6083,0x3b187ef86bb4206416fef7e9ac9ade2ea5b178069a1009f9377bacbb03507226
04/27/2022 05:52:07,9179141,0x411db1a900f3079b5eb3dff2f65261158d5bab511a3ff793c15b2605c6c4dd61,0xe7f53e315804cd60631d6633c162867208f89fdb29a8ff7f44454508f33c6083
04/27/2022 05:52:08,9183172,0x539ad24d0bb02bf946dbc6cd88d0c34135ffa959150d4bafc39af1e5f6fc7420,0x411db1a900f3079b5eb3dff2f65261158d5bab511a3ff793c15b2605c6c4dd61
04/27/2022 05:52:37,9182597,0x2700192415e1f7ec29800f9687e17756d0349f974407e214c6935b5457237909,0x539ad24d0bb02bf946dbc6cd88d0c34135ffa959150d4bafc39af1e5f6fc7420
04/27/2022 05:53:01,9179380,0xf0a6e9795f2e334402b1667cda93af0cdfd9bdd163bb1f5e912e0e0bad137598,0x2700192415e1f7ec29800f9687e17756d0349f974407e214c6935b5457237909
04/27/2022 05:53:14,9180957,0x52f64101f79d430e1046fe0d600fea737a0c99fb88b33fd26319b74fbb24ec83,0xf0a6e9795f2e334402b1667cda93af0cdfd9bdd163bb1f5e912e0e0bad137598
04/27/2022 05:53:18,9179472,0x9cd03240c90aba827fa5c0412a2251ad50bdaaffa0539fea98473c7e50c40659,0x52f64101f79d430e1046fe0d600fea737a0c99fb88b33fd26319b74fbb24ec83
04/27/2022 05:53:19,9180652,0x1c21bd108c1b0b43db21a8f4be092cd593307a08a625339d9976d844b551c0ae,0x9cd03240c90aba827fa5c0412a2251ad50bdaaffa0539fea98473c7e50c40659
04/27/2022 05:53:30,9180482,0x3d204bb11b39fe0e58086843688acc326beeb559244f31046b81c1ff5317265f,0x1c21bd108c1b0b43db21a8f4be092cd593307a08a625339d9976d844b551c0ae
04/27/2022 05:53:32,9182682,0xf8336b284567efdeeb5a1b425486139d74014cb1c6a58038ca0ab58d5dea915c,0x3d204bb11b39fe0e58086843688acc326beeb559244f31046b81c1ff5317265f
04/27/2022 05:53:42,9180254,0x5baf9d79e65b75acbecff7fe3b5a4a5703b777785fed9bc58f207e4c6bfbd35a,0xf8336b284567efdeeb5a1b425486139d74014cb1c6a58038ca0ab58d5dea915c
04/27/2022 05:53:50,9179045,0xe4a3cbd5aa226c95bc8ec5297b0475294612077d369088721e4fe5137c47d99a,0x5baf9d79e65b75acbecff7fe3b5a4a5703b777785fed9bc58f207e4c6bfbd35a
04/27/2022 05:54:23,9179094,0x6e45195cab4618eed52a71596b0a95631ef1cf74b9e7a07807d0a4609212be9a,0xe4a3cbd5aa226c95bc8ec5297b0475294612077d369088721e4fe5137c47d99a
04/27/2022 05:54:30,9182008,0xbce9028b85d0e0c38e1926895dc4374b4bbc7703f196b05591b0c08e19e16cf3,0x6e45195cab4618eed52a71596b0a95631ef1cf74b9e7a07807d0a4609212be9a
04/27/2022 05:54:33,9178465,0x9491d812a2369e0c89ed05bf7fef140d1f502ce81113b0021ebaf3ff135c7f2a,0xbce9028b85d0e0c38e1926895dc4374b4bbc7703f196b05591b0c08e19e16cf3
04/27/2022 05:54:39,9181542,0x2c136fd92b5cbcbaac82107d4b160a9eedbea183de6a7661dd1e761c3d42807e,0x9491d812a2369e0c89ed05bf7fef140d1f502ce81113b0021ebaf3ff135c7f2a
04/27/2022 05:54:40,9180995,0x4183ce80cee6192f004a5e9c13656053abfdee5e9b83b8fc4e59c615489154bc,0x2c136fd92b5cbcbaac82107d4b160a9eedbea183de6a7661dd1e761c3d42807e